address,type
0xf10E161027410128E63E75D0200Fb6d34b2db243,bridging
0x796dff6d74f3e27060b71255fe517bfb23c93eed,bridging
0xe432150cce91c13a887f7D836923d5597adD8E31,bridging
0x80858f5F8EFD2Ab6485Aba1A0B9557ED46C6ba0e,bridging
0xce16F69375520ab01377ce7B88f5BA8C48F8D666,bridging
0x50da3B3907A08a24fe4999F4Dcf337E8dC7954bb,bridging
0xbBa1938ff861c77eA1687225B9C33554379Ef327,bridging
0xE757683a51CfD002De479385c2F4C9DB10A5E8D2,bridging
0xaCc0c1f672B03B9a5fED4535f840f09B85f40E98,bridging
0x4cD00E387622C35bDDB9b4c962C136462338BC31,bridging
0xf70da97812CB96acDF810712Aa562db8dfA3dbEF,bridging
0x1231DEB6f5749EF6cE6943a275A1D3E7486F4EaE,bridging
0x34757893070B0FC5de37AaF2844255fF90F7F1E0,bridging